項目名稱,單項可製作份數,食譜/菜單資料庫,食材資料庫管理 (Ingredient Database),食材庫存量,使用數量(克),食材單位成本,項目成本
舒肥海南雞-雞胸肉,60,舒肥海南雞 (https://www.notion.so/237fd5adc30b800cb641d954fd51bd55?pvs=21),雞胸肉 (https://www.notion.so/237fd5adc30b80bcb33ffeaf867322be?pvs=21),6000,100,0.142,14.2
舒肥海南雞-薑,0,舒肥海南雞 (https://www.notion.so/237fd5adc30b800cb641d954fd51bd55?pvs=21),薑 (https://www.notion.so/237fd5adc30b8022847bec2b761a10a1?pvs=21),0,3,0.15,0.45
舒肥海南雞-青蔥,0,舒肥海南雞 (https://www.notion.so/237fd5adc30b800cb641d954fd51bd55?pvs=21),青蔥 (https://www.notion.so/237fd5adc30b80459aecc31b80493c94?pvs=21),0,3,0.25,0.75
舒肥海南雞-南薑,0,舒肥海南雞 (https://www.notion.so/237fd5adc30b800cb641d954fd51bd55?pvs=21),南薑 (https://www.notion.so/237fd5adc30b804ea372d122ed66c5e4?pvs=21),0,2,0.3,0.6
舒肥海南雞-水,20000,舒肥海南雞 (https://www.notion.so/237fd5adc30b800cb641d954fd51bd55?pvs=21),水 (https://www.notion.so/237fd5adc30b80389212cdf897237122?pvs=21),200000,10,0.001,0.01
舒肥海南雞-橄欖油,0,舒肥海南雞 (https://www.notion.so/237fd5adc30b800cb641d954fd51bd55?pvs=21),橄欖油 (https://www.notion.so/237fd5adc30b809694e7ecca7698606f?pvs=21),0,10,0.041,0.41
舒肥海南雞-鹽,0,舒肥海南雞 (https://www.notion.so/237fd5adc30b800cb641d954fd51bd55?pvs=21),鹽 (https://www.notion.so/237fd5adc30b80c9a302e80a3cb65902?pvs=21),0,0.5,0.008,0.004
舒肥海南雞-雞粉,400,舒肥海南雞 (https://www.notion.so/237fd5adc30b800cb641d954fd51bd55?pvs=21),雞粉 (https://www.notion.so/237fd5adc30b80f8acd3d9bd1266e979?pvs=21),200,0.5,0.25,0.125
舒肥海南雞-白胡椒,166,舒肥海南雞 (https://www.notion.so/237fd5adc30b800cb641d954fd51bd55?pvs=21),白胡椒 (https://www.notion.so/237fd5adc30b8026939cfc494f13cd02?pvs=21),50,0.3,0.5,0.15
舒肥沙爹咖喱雞-雞胸肉,60,舒肥沙爹咖喱雞 (https://www.notion.so/237fd5adc30b800bbd96ebfb6a319abb?pvs=21),雞胸肉 (https://www.notion.so/237fd5adc30b80bcb33ffeaf867322be?pvs=21),6000,100,0.142,14.2
舒肥沙爹咖喱雞-羅望子,680,舒肥沙爹咖喱雞 (https://www.notion.so/237fd5adc30b800bbd96ebfb6a319abb?pvs=21),羅望子 (https://www.notion.so/237fd5adc30b80a7bc16c80d0a520b4a?pvs=21),1360,2,0.159,0.318
舒肥沙爹咖喱雞-辣椒粉,0,舒肥沙爹咖喱雞 (https://www.notion.so/237fd5adc30b800bbd96ebfb6a319abb?pvs=21),辣椒粉 (https://www.notion.so/237fd5adc30b80b68f29d1d42b2f837c?pvs=21),0,4,0.273,1.092
"舒肥沙爹咖喱雞-花生醬 ",0,舒肥沙爹咖喱雞 (https://www.notion.so/237fd5adc30b800bbd96ebfb6a319abb?pvs=21),花生醬 (https://www.notion.so/237fd5adc30b809a9cbdfab18803d584?pvs=21),0,25,0.143,3.575
舒肥沙爹咖喱雞-紅蔥頭,175,舒肥沙爹咖喱雞 (https://www.notion.so/237fd5adc30b800bbd96ebfb6a319abb?pvs=21),紅葱穗 (https://www.notion.so/237fd5adc30b804c950fd31a3d27e9c5?pvs=21),700,4,0.167,0.668
舒肥沙爹咖喱雞-紅糖,600,舒肥沙爹咖喱雞 (https://www.notion.so/237fd5adc30b800bbd96ebfb6a319abb?pvs=21),紅糖 (https://www.notion.so/237fd5adc30b80d79ccff1d9efa36a8e?pvs=21),1800,3,0.033,0.099
舒肥沙爹咖喱雞-椰奶,0,舒肥沙爹咖喱雞 (https://www.notion.so/237fd5adc30b800bbd96ebfb6a319abb?pvs=21),椰奶(AROY-D) (https://www.notion.so/AROY-D-237fd5adc30b806ab35ac26b914aaebd?pvs=21),0,5,0.085,0.425
舒肥沙爹咖喱雞-黃咖哩,0,舒肥沙爹咖喱雞 (https://www.notion.so/237fd5adc30b800bbd96ebfb6a319abb?pvs=21),黃咖喱(COCK) (https://www.notion.so/COCK-237fd5adc30b80c5bef4ff6c97826ee1?pvs=21),0,0.5,0.136,0.068
舒肥沙爹咖喱雞-魚露,1050,舒肥沙爹咖喱雞 (https://www.notion.so/237fd5adc30b800bbd96ebfb6a319abb?pvs=21),魚露 (https://www.notion.so/237fd5adc30b804ea6f1c2bc6324a158?pvs=21),2100,2,0.06,0.12
經典蝦醬-蝦米,60,經典蝦醬 (https://www.notion.so/237fd5adc30b80808777f12b24819842?pvs=21),蝦米 (https://www.notion.so/237fd5adc30b8072bcf2c22acb42b884?pvs=21),600,10,0.467,4.67
經典蝦醬-蝦醬,33,經典蝦醬 (https://www.notion.so/237fd5adc30b80808777f12b24819842?pvs=21),蝦醬 (https://www.notion.so/237fd5adc30b80968c12c5ebd21e7d9c?pvs=21),200,6,0.6,3.6
經典蝦醬-蠔油,10,經典蝦醬 (https://www.notion.so/237fd5adc30b80808777f12b24819842?pvs=21),熊貓蠔油 (https://www.notion.so/237fd5adc30b80a98b19cd023b924aa2?pvs=21),200,20,0.084,1.68
經典蝦醬-白砂糖,300,經典蝦醬 (https://www.notion.so/237fd5adc30b80808777f12b24819842?pvs=21),白砂糖 (https://www.notion.so/237fd5adc30b8018a0cde4b20fd93373?pvs=21),3000,10,0.037,0.37
經典蝦醬-白胡椒,25,經典蝦醬 (https://www.notion.so/237fd5adc30b80808777f12b24819842?pvs=21),白胡椒 (https://www.notion.so/237fd5adc30b8026939cfc494f13cd02?pvs=21),50,2,0.5,1
經典蝦醬-蒜頭,60,經典蝦醬 (https://www.notion.so/237fd5adc30b80808777f12b24819842?pvs=21),蒜仁 (https://www.notion.so/237fd5adc30b80bc94e9cc31471d8928?pvs=21),600,10,0.167,1.67
帕泰醬-紅糖,6,帕泰醬 (https://www.notion.so/237fd5adc30b8031bd9deeeb23a48783?pvs=21),紅糖 (https://www.notion.so/237fd5adc30b80d79ccff1d9efa36a8e?pvs=21),1800,300,0.033,9.9
帕泰醬-醋,7,帕泰醬 (https://www.notion.so/237fd5adc30b8031bd9deeeb23a48783?pvs=21),醋 (https://www.notion.so/237fd5adc30b8027a093ef2a8b7acdbd?pvs=21),2000,260,0.05,13
帕泰醬-羅望子,6,帕泰醬 (https://www.notion.so/237fd5adc30b8031bd9deeeb23a48783?pvs=21),羅望子 (https://www.notion.so/237fd5adc30b80a7bc16c80d0a520b4a?pvs=21),1360,200,0.159,31.8
帕泰醬-魚露,8,帕泰醬 (https://www.notion.so/237fd5adc30b8031bd9deeeb23a48783?pvs=21),魚露 (https://www.notion.so/237fd5adc30b804ea6f1c2bc6324a158?pvs=21),2100,240,0.06,14.4
帕泰醬-紅蔥醬,12,帕泰醬 (https://www.notion.so/237fd5adc30b8031bd9deeeb23a48783?pvs=21),紅葱醬 (https://www.notion.so/237fd5adc30b8057a5a3d45ba08046a3?pvs=21),1000,80,0.251,20.08
魚露炸腿-蒜仁,7,魚露炸腿 (https://www.notion.so/237fd5adc30b80259e71ec3f4766c4b4?pvs=21),蒜仁 (https://www.notion.so/237fd5adc30b80bc94e9cc31471d8928?pvs=21),600,80,0.167,13.36
魚露炸腿-紅蔥頭,8,魚露炸腿 (https://www.notion.so/237fd5adc30b80259e71ec3f4766c4b4?pvs=21),紅葱穗 (https://www.notion.so/237fd5adc30b804c950fd31a3d27e9c5?pvs=21),700,80,0.167,13.36
魚露炸腿-紅糖,6,魚露炸腿 (https://www.notion.so/237fd5adc30b80259e71ec3f4766c4b4?pvs=21),紅糖 (https://www.notion.so/237fd5adc30b80d79ccff1d9efa36a8e?pvs=21),1800,280,0.033,9.24
魚露炸腿-魚露,5,魚露炸腿 (https://www.notion.so/237fd5adc30b80259e71ec3f4766c4b4?pvs=21),魚露 (https://www.notion.so/237fd5adc30b804ea6f1c2bc6324a158?pvs=21),2100,400,0.06,24
魚露炸腿-檸檬葉,2,魚露炸腿 (https://www.notion.so/237fd5adc30b80259e71ec3f4766c4b4?pvs=21),"檸檬葉 (https://www.notion.so/237fd5adc30b807887c3c94270a68d90?pvs=21), 檸檬葉乾 (https://www.notion.so/238fd5adc30b80df9498c09449b13443?pvs=21)",50,24,1.9,45.6
魚露炸腿-香茅,0,魚露炸腿 (https://www.notion.so/237fd5adc30b80259e71ec3f4766c4b4?pvs=21),"香茅 (https://www.notion.so/237fd5adc30b802192d9e625047380f1?pvs=21), 香茅乾 (https://www.notion.so/238fd5adc30b80998836c2b864bbf5ea?pvs=21)",100,160,0.542,86.72
魚露炸腿-雞粉,8,魚露炸腿 (https://www.notion.so/237fd5adc30b80259e71ec3f4766c4b4?pvs=21),雞粉 (https://www.notion.so/237fd5adc30b80f8acd3d9bd1266e979?pvs=21),200,24,0.25,6
魚露炸腿-白胡椒,2,魚露炸腿 (https://www.notion.so/237fd5adc30b80259e71ec3f4766c4b4?pvs=21),白胡椒 (https://www.notion.so/237fd5adc30b8026939cfc494f13cd02?pvs=21),50,24,0.5,12
魚露炸腿-去骨腿排,0,魚露炸腿 (https://www.notion.so/237fd5adc30b80259e71ec3f4766c4b4?pvs=21),去骨腿排 (https://www.notion.so/237fd5adc30b80f4b4eaf7bbc71a0f8b?pvs=21),0,12000,0.148,1776
青木瓜醬-花生,20,青木瓜醬 (https://www.notion.so/237fd5adc30b80819c90e0ecbf289632?pvs=21),花生仁 (https://www.notion.so/237fd5adc30b806eb285ed0ebb040af2?pvs=21),600,30,0.217,6.51
青木瓜醬-菜豆,60,青木瓜醬 (https://www.notion.so/237fd5adc30b80819c90e0ecbf289632?pvs=21),菜豆 (https://www.notion.so/237fd5adc30b80a0a995f2aa2c016c64?pvs=21),1200,20,0.1,2
青木瓜醬-蝦米,120,青木瓜醬 (https://www.notion.so/237fd5adc30b80819c90e0ecbf289632?pvs=21),蝦米 (https://www.notion.so/237fd5adc30b8072bcf2c22acb42b884?pvs=21),600,5,0.467,2.335
青木瓜醬-蒜仁,40,青木瓜醬 (https://www.notion.so/237fd5adc30b80819c90e0ecbf289632?pvs=21),蒜仁 (https://www.notion.so/237fd5adc30b80bc94e9cc31471d8928?pvs=21),600,15,0.167,2.505
青木瓜醬-大辣椒,40,青木瓜醬 (https://www.notion.so/237fd5adc30b80819c90e0ecbf289632?pvs=21),大辣椒 (https://www.notion.so/237fd5adc30b805b8b3eca63d4d9960f?pvs=21),600,15,0.15,2.25
青木瓜醬-紅糖,60,青木瓜醬 (https://www.notion.so/237fd5adc30b80819c90e0ecbf289632?pvs=21),紅糖 (https://www.notion.so/237fd5adc30b80d79ccff1d9efa36a8e?pvs=21),1800,30,0.033,0.99
青木瓜醬-羅望子,45,青木瓜醬 (https://www.notion.so/237fd5adc30b80819c90e0ecbf289632?pvs=21),羅望子 (https://www.notion.so/237fd5adc30b80a7bc16c80d0a520b4a?pvs=21),1360,30,0.159,4.77
青木瓜醬-魚露,210,青木瓜醬 (https://www.notion.so/237fd5adc30b80819c90e0ecbf289632?pvs=21),魚露 (https://www.notion.so/237fd5adc30b804ea6f1c2bc6324a158?pvs=21),2100,10,0.06,0.6
青木瓜醬-檸檬汁,53,青木瓜醬 (https://www.notion.so/237fd5adc30b80819c90e0ecbf289632?pvs=21),檸檬汁 (https://www.notion.so/237fd5adc30b8055a1c3ef43c5dd436d?pvs=21),1600,30,0.156,4.68
經典打拋醬-打拋醬,6,"經典打拋醬-豬 (https://www.notion.so/237fd5adc30b80039acde56f67a87c2d?pvs=21), 經典打拋醬-雞 (https://www.notion.so/238fd5adc30b80798462f2188582f405?pvs=21)",打拋醬(花鐘) (https://www.notion.so/237fd5adc30b806f8f8cdcbde665ba9a?pvs=21),1360,200,0.235,47
經典打拋醬-蒜仁,15,"經典打拋醬-豬 (https://www.notion.so/237fd5adc30b80039acde56f67a87c2d?pvs=21), 經典打拋醬-雞 (https://www.notion.so/238fd5adc30b80798462f2188582f405?pvs=21)",蒜仁 (https://www.notion.so/237fd5adc30b80bc94e9cc31471d8928?pvs=21),600,40,0.167,6.68
經典打拋醬-鬼椒,20,"經典打拋醬-豬 (https://www.notion.so/237fd5adc30b80039acde56f67a87c2d?pvs=21), 經典打拋醬-雞 (https://www.notion.so/238fd5adc30b80798462f2188582f405?pvs=21)",鬼椒 (https://www.notion.so/237fd5adc30b802faa8df808d8bd59b5?pvs=21),100,5,0.267,1.335
經典打拋醬-大辣椒,20,"經典打拋醬-豬 (https://www.notion.so/237fd5adc30b80039acde56f67a87c2d?pvs=21), 經典打拋醬-雞 (https://www.notion.so/238fd5adc30b80798462f2188582f405?pvs=21)",大辣椒 (https://www.notion.so/237fd5adc30b805b8b3eca63d4d9960f?pvs=21),600,30,0.15,4.5
經典打拋醬-白砂糖,100,"經典打拋醬-豬 (https://www.notion.so/237fd5adc30b80039acde56f67a87c2d?pvs=21), 經典打拋醬-雞 (https://www.notion.so/238fd5adc30b80798462f2188582f405?pvs=21)",白砂糖 (https://www.notion.so/237fd5adc30b8018a0cde4b20fd93373?pvs=21),3000,30,0.037,1.11
經典打拋醬-打拋粉,342,"經典打拋醬-豬 (https://www.notion.so/237fd5adc30b80039acde56f67a87c2d?pvs=21), 經典打拋醬-雞 (https://www.notion.so/238fd5adc30b80798462f2188582f405?pvs=21)","打拋粉 (https://www.notion.so/237fd5adc30b805983aad327ae6a5e01?pvs=21), 打抛粉 (https://www.notion.so/237fd5adc30b8016938eda6b2100640f?pvs=21)",6850,20,0.98,19.6
秘傳炸翅-二節翅,1,秘傳炸翅 (https://www.notion.so/237fd5adc30b80508de0d13e4e2cf1a2?pvs=21),二節翅 (https://www.notion.so/237fd5adc30b8001bdadd4a427a9efbd?pvs=21),6000,6000,0.108,648
秘傳炸翅-雞粉,6,秘傳炸翅 (https://www.notion.so/237fd5adc30b80508de0d13e4e2cf1a2?pvs=21),雞粉 (https://www.notion.so/237fd5adc30b80f8acd3d9bd1266e979?pvs=21),200,30,0.25,7.5
秘傳炸翅-芫荽子,10,秘傳炸翅 (https://www.notion.so/237fd5adc30b80508de0d13e4e2cf1a2?pvs=21),芫荽子 (https://www.notion.so/237fd5adc30b80b88e01f2f6a6ec27de?pvs=21),300,30,0.45,13.5
秘傳炸翅-白砂糖,100,秘傳炸翅 (https://www.notion.so/237fd5adc30b80508de0d13e4e2cf1a2?pvs=21),白砂糖 (https://www.notion.so/237fd5adc30b8018a0cde4b20fd93373?pvs=21),3000,30,0.037,1.11
秘傳炸翅-白胡椒,1,秘傳炸翅 (https://www.notion.so/237fd5adc30b80508de0d13e4e2cf1a2?pvs=21),白胡椒 (https://www.notion.so/237fd5adc30b8026939cfc494f13cd02?pvs=21),50,30,0.5,15
秘傳炸翅-黑胡椒,0,秘傳炸翅 (https://www.notion.so/237fd5adc30b80508de0d13e4e2cf1a2?pvs=21),黑胡椒 (https://www.notion.so/237fd5adc30b8065839fec23d899e662?pvs=21),0,30,0.733,21.99
秘傳炸翅-魚露,13,秘傳炸翅 (https://www.notion.so/237fd5adc30b80508de0d13e4e2cf1a2?pvs=21),魚露 (https://www.notion.so/237fd5adc30b804ea6f1c2bc6324a158?pvs=21),2100,160,0.06,9.6
秘傳炸翅-美極鮮味露,6,秘傳炸翅 (https://www.notion.so/237fd5adc30b80508de0d13e4e2cf1a2?pvs=21),美極鮮味露 (https://www.notion.so/237fd5adc30b800ab164c3ad1386d09e?pvs=21),1000,145,0.256,37.12
秘傳炸翅-紅蔥頭,3,秘傳炸翅 (https://www.notion.so/237fd5adc30b80508de0d13e4e2cf1a2?pvs=21),紅葱穗 (https://www.notion.so/237fd5adc30b804c950fd31a3d27e9c5?pvs=21),700,200,0.167,33.4
秘傳炸翅-蒜仁,6,秘傳炸翅 (https://www.notion.so/237fd5adc30b80508de0d13e4e2cf1a2?pvs=21),蒜仁 (https://www.notion.so/237fd5adc30b80bc94e9cc31471d8928?pvs=21),600,100,0.167,16.7
經典炸粉-在來米粉,1,經典炸粉 (https://www.notion.so/237fd5adc30b80e5a5f6def1605178e1?pvs=21),在來米粉 (https://www.notion.so/237fd5adc30b808cadd2f990bb0f1dd2?pvs=21),600,600,0.087,52.2
經典炸粉-地瓜粉,4,經典炸粉 (https://www.notion.so/237fd5adc30b80e5a5f6def1605178e1?pvs=21),地瓜粉 (https://www.notion.so/237fd5adc30b806d82c8d023d10c9681?pvs=21),1800,400,0.058,23.2
經典炸粉-酥炸粉,1,經典炸粉 (https://www.notion.so/237fd5adc30b80e5a5f6def1605178e1?pvs=21),脆酥粉(黏師傅) (https://www.notion.so/237fd5adc30b809d941bf1de4faf562a?pvs=21),1000,1000,0,0
經典紅咖哩醬-紅蔥頭,23,經典紅咖哩醬 (https://www.notion.so/237fd5adc30b80e69232f9a7879c3459?pvs=21),紅葱穗 (https://www.notion.so/237fd5adc30b804c950fd31a3d27e9c5?pvs=21),700,30,0.167,5.01
經典紅咖哩醬-蒜仁,20,經典紅咖哩醬 (https://www.notion.so/237fd5adc30b80e69232f9a7879c3459?pvs=21),蒜仁 (https://www.notion.so/237fd5adc30b80bc94e9cc31471d8928?pvs=21),600,30,0.167,5.01
經典紅咖哩醬-紅咖哩醬,7,經典紅咖哩醬 (https://www.notion.so/237fd5adc30b80e69232f9a7879c3459?pvs=21),紅咖哩(有心) (https://www.notion.so/237fd5adc30b805da2d3e7f7e17efba9?pvs=21),1500,200,0.15,30
經典紅咖哩醬-菜豆,12,經典紅咖哩醬 (https://www.notion.so/237fd5adc30b80e69232f9a7879c3459?pvs=21),菜豆 (https://www.notion.so/237fd5adc30b80a0a995f2aa2c016c64?pvs=21),1200,100,0.1,10
經典紅咖哩醬-椰漿粉,0,經典紅咖哩醬 (https://www.notion.so/237fd5adc30b80e69232f9a7879c3459?pvs=21),椰漿粉 (https://www.notion.so/237fd5adc30b800bbfeaca15d2c19a11?pvs=21),0,200,0.37,74
經典紅咖哩醬-白砂糖,75,經典紅咖哩醬 (https://www.notion.so/237fd5adc30b80e69232f9a7879c3459?pvs=21),白砂糖 (https://www.notion.so/237fd5adc30b8018a0cde4b20fd93373?pvs=21),3000,40,0.037,1.48
經典紅咖哩醬-杏鮑菇,2,經典紅咖哩醬 (https://www.notion.so/237fd5adc30b80e69232f9a7879c3459?pvs=21),杏鮑菇 (https://www.notion.so/237fd5adc30b80d5bc19dc90e7299ed9?pvs=21),600,300,0.133,39.9
經典紅咖哩醬-竹筍,1,經典紅咖哩醬 (https://www.notion.so/237fd5adc30b80e69232f9a7879c3459?pvs=21),竹筍 (https://www.notion.so/237fd5adc30b800ea2bcf3216b608948?pvs=21),200,200,0.133,26.6
經典紅咖哩醬-洋蔥,5,經典紅咖哩醬 (https://www.notion.so/237fd5adc30b80e69232f9a7879c3459?pvs=21),洋蔥 (https://www.notion.so/237fd5adc30b8084a750d06564ef0fb1?pvs=21),1000,200,0.05,10
經典紅咖哩醬-牛肉粉,0,經典紅咖哩醬 (https://www.notion.so/237fd5adc30b80e69232f9a7879c3459?pvs=21),牛肉粉 (https://www.notion.so/237fd5adc30b80eab9a6e4995dae553b?pvs=21),0,10,0,0
經典紅咖哩醬-魚露,70,經典紅咖哩醬 (https://www.notion.so/237fd5adc30b80e69232f9a7879c3459?pvs=21),魚露 (https://www.notion.so/237fd5adc30b804ea6f1c2bc6324a158?pvs=21),2100,30,0.06,1.8
經典紅咖哩醬-檸檬葉,5,經典紅咖哩醬 (https://www.notion.so/237fd5adc30b80e69232f9a7879c3459?pvs=21),檸檬葉乾 (https://www.notion.so/238fd5adc30b80df9498c09449b13443?pvs=21),50,10,0.9,9
經典紅咖哩醬-南薑,5,經典紅咖哩醬 (https://www.notion.so/237fd5adc30b80e69232f9a7879c3459?pvs=21),南薑乾 (https://www.notion.so/237fd5adc30b80c887e4f4bd0118c757?pvs=21),100,20,0.4,8
經典紅咖哩醬-水,666,經典紅咖哩醬 (https://www.notion.so/237fd5adc30b80e69232f9a7879c3459?pvs=21),水 (https://www.notion.so/237fd5adc30b80389212cdf897237122?pvs=21),200000,300,0.001,0.3
舒肥薑黃咖喱雞-紅糖,7,舒肥薑黃咖喱雞 (https://www.notion.so/237fd5adc30b805f8bd8d1d63ce3c17c?pvs=21),紅糖 (https://www.notion.so/237fd5adc30b80d79ccff1d9efa36a8e?pvs=21),1800,240,0.033,7.92
舒肥薑黃咖喱雞-雞胸肉,1,舒肥薑黃咖喱雞 (https://www.notion.so/237fd5adc30b805f8bd8d1d63ce3c17c?pvs=21),雞胸肉 (https://www.notion.so/237fd5adc30b80bcb33ffeaf867322be?pvs=21),6000,6000,0.142,852
舒肥薑黃咖喱雞-檸檬葉,0,舒肥薑黃咖喱雞 (https://www.notion.so/237fd5adc30b805f8bd8d1d63ce3c17c?pvs=21),檸檬葉 (https://www.notion.so/237fd5adc30b807887c3c94270a68d90?pvs=21),0,30,1,30
舒肥薑黃咖喱雞-魚露,17,舒肥薑黃咖喱雞 (https://www.notion.so/237fd5adc30b805f8bd8d1d63ce3c17c?pvs=21),魚露 (https://www.notion.so/237fd5adc30b804ea6f1c2bc6324a158?pvs=21),2100,120,0.06,7.2
舒肥薑黃咖喱雞-椰漿粉,0,舒肥薑黃咖喱雞 (https://www.notion.so/237fd5adc30b805f8bd8d1d63ce3c17c?pvs=21),椰漿粉 (https://www.notion.so/237fd5adc30b800bbfeaca15d2c19a11?pvs=21),0,500,0.37,185
舒肥薑黃咖喱雞-水,400,舒肥薑黃咖喱雞 (https://www.notion.so/237fd5adc30b805f8bd8d1d63ce3c17c?pvs=21),水 (https://www.notion.so/237fd5adc30b80389212cdf897237122?pvs=21),200000,500,0.001,0.5
舒肥薑黃咖喱雞-黃咖哩,0,舒肥薑黃咖喱雞 (https://www.notion.so/237fd5adc30b805f8bd8d1d63ce3c17c?pvs=21),黃咖喱(COCK) (https://www.notion.so/COCK-237fd5adc30b80c5bef4ff6c97826ee1?pvs=21),0,300,0.136,40.8
舒肥薑黃咖喱雞-薑黃粉,0,舒肥薑黃咖喱雞 (https://www.notion.so/237fd5adc30b805f8bd8d1d63ce3c17c?pvs=21),薑黃粉 (https://www.notion.so/237fd5adc30b80468d57c9f7cb677f0f?pvs=21),0,30,0.5,15
泰南烤雞-美極鮮味露,8,泰南烤雞 (https://www.notion.so/237fd5adc30b8007bc36d61400a951d1?pvs=21),美極鮮味露 (https://www.notion.so/237fd5adc30b800ab164c3ad1386d09e?pvs=21),1000,120,0.256,30.72
泰南烤雞-魚露,11,泰南烤雞 (https://www.notion.so/237fd5adc30b8007bc36d61400a951d1?pvs=21),魚露 (https://www.notion.so/237fd5adc30b804ea6f1c2bc6324a158?pvs=21),2100,180,0.06,10.8
泰南烤雞-芫荽子,30,泰南烤雞 (https://www.notion.so/237fd5adc30b8007bc36d61400a951d1?pvs=21),芫荽子 (https://www.notion.so/237fd5adc30b80b88e01f2f6a6ec27de?pvs=21),300,10,0.45,4.5
泰南烤雞-雞粉,6,泰南烤雞 (https://www.notion.so/237fd5adc30b8007bc36d61400a951d1?pvs=21),雞粉 (https://www.notion.so/237fd5adc30b80f8acd3d9bd1266e979?pvs=21),200,30,0.25,7.5
泰南烤雞-雞胸肉,1,泰南烤雞 (https://www.notion.so/237fd5adc30b8007bc36d61400a951d1?pvs=21),雞胸肉 (https://www.notion.so/237fd5adc30b80bcb33ffeaf867322be?pvs=21),6000,6000,0.142,852
泰南烤雞-白胡椒,2,泰南烤雞 (https://www.notion.so/237fd5adc30b8007bc36d61400a951d1?pvs=21),白胡椒 (https://www.notion.so/237fd5adc30b8026939cfc494f13cd02?pvs=21),50,20,0.5,10
泰南烤雞-蒜酥,0,泰南烤雞 (https://www.notion.so/237fd5adc30b8007bc36d61400a951d1?pvs=21),蒜酥 (https://www.notion.so/237fd5adc30b809c916dd39874e65334?pvs=21),0,50,0.138,6.9
泰南烤雞-白砂糖,15,泰南烤雞 (https://www.notion.so/237fd5adc30b8007bc36d61400a951d1?pvs=21),白砂糖 (https://www.notion.so/237fd5adc30b8018a0cde4b20fd93373?pvs=21),3000,200,0.037,7.4
茉莉豬頸肉-松板肉,0,茉莉豬頸肉 (https://www.notion.so/237fd5adc30b8093b2b9c2d21d36be31?pvs=21),松坂肉 (https://www.notion.so/237fd5adc30b80af9be3da6d27085180?pvs=21),0,6000,0.42,2520
茉莉豬頸肉-芫荽子,30,茉莉豬頸肉 (https://www.notion.so/237fd5adc30b8093b2b9c2d21d36be31?pvs=21),芫荽子 (https://www.notion.so/237fd5adc30b80b88e01f2f6a6ec27de?pvs=21),300,10,0.45,4.5
茉莉豬頸肉-蒜酥,0,茉莉豬頸肉 (https://www.notion.so/237fd5adc30b8093b2b9c2d21d36be31?pvs=21),蒜酥 (https://www.notion.so/237fd5adc30b809c916dd39874e65334?pvs=21),0,150,0.138,20.7
茉莉豬頸肉-奶水,5,茉莉豬頸肉 (https://www.notion.so/237fd5adc30b8093b2b9c2d21d36be31?pvs=21),奶水 (https://www.notion.so/237fd5adc30b803f92e9f723de301e2c?pvs=21),2000,400,0.093,37.2
茉莉豬頸肉-雞粉,10,茉莉豬頸肉 (https://www.notion.so/237fd5adc30b8093b2b9c2d21d36be31?pvs=21),雞粉 (https://www.notion.so/237fd5adc30b80f8acd3d9bd1266e979?pvs=21),200,20,0.25,5
茉莉豬頸肉-白胡椒,5,茉莉豬頸肉 (https://www.notion.so/237fd5adc30b8093b2b9c2d21d36be31?pvs=21),白胡椒 (https://www.notion.so/237fd5adc30b8026939cfc494f13cd02?pvs=21),50,10,0.5,5
茉莉豬頸肉-黑胡椒,0,茉莉豬頸肉 (https://www.notion.so/237fd5adc30b8093b2b9c2d21d36be31?pvs=21),黑胡椒 (https://www.notion.so/237fd5adc30b8065839fec23d899e662?pvs=21),0,20,0.733,14.66
茉莉豬頸肉-鹽,0,茉莉豬頸肉 (https://www.notion.so/237fd5adc30b8093b2b9c2d21d36be31?pvs=21),鹽 (https://www.notion.so/237fd5adc30b80c9a302e80a3cb65902?pvs=21),0,60,0.008,0.48
茉莉豬頸肉-紅糖,9,茉莉豬頸肉 (https://www.notion.so/237fd5adc30b8093b2b9c2d21d36be31?pvs=21),紅糖 (https://www.notion.so/237fd5adc30b80d79ccff1d9efa36a8e?pvs=21),1800,200,0.033,6.6
鹽味翅小腿-香茅,5,鹽味翅小腿 (https://www.notion.so/237fd5adc30b80c48bc5ca3422716240?pvs=21),香茅乾 (https://www.notion.so/238fd5adc30b80998836c2b864bbf5ea?pvs=21),100,20,0.4,8
鹽味翅小腿-蒜仁,7,鹽味翅小腿 (https://www.notion.so/237fd5adc30b80c48bc5ca3422716240?pvs=21),蒜仁 (https://www.notion.so/237fd5adc30b80bc94e9cc31471d8928?pvs=21),600,80,0.167,13.36
鹽味翅小腿-紅蔥頭,14,鹽味翅小腿 (https://www.notion.so/237fd5adc30b80c48bc5ca3422716240?pvs=21),紅葱穗 (https://www.notion.so/237fd5adc30b804c950fd31a3d27e9c5?pvs=21),700,50,0.167,8.35
鹽味翅小腿-紅糖,18,鹽味翅小腿 (https://www.notion.so/237fd5adc30b80c48bc5ca3422716240?pvs=21),紅糖 (https://www.notion.so/237fd5adc30b80d79ccff1d9efa36a8e?pvs=21),1800,100,0.033,3.3
鹽味翅小腿-魚露,10,鹽味翅小腿 (https://www.notion.so/237fd5adc30b80c48bc5ca3422716240?pvs=21),魚露 (https://www.notion.so/237fd5adc30b804ea6f1c2bc6324a158?pvs=21),2100,200,0.06,12
鹽味翅小腿-雞粉,13,鹽味翅小腿 (https://www.notion.so/237fd5adc30b80c48bc5ca3422716240?pvs=21),雞粉 (https://www.notion.so/237fd5adc30b80f8acd3d9bd1266e979?pvs=21),200,15,0.25,3.75
鹽味翅小腿-黑胡椒,0,鹽味翅小腿 (https://www.notion.so/237fd5adc30b80c48bc5ca3422716240?pvs=21),黑胡椒 (https://www.notion.so/237fd5adc30b8065839fec23d899e662?pvs=21),0,20,0.733,14.66
鹽味翅小腿-翅小腿,0,鹽味翅小腿 (https://www.notion.so/237fd5adc30b80c48bc5ca3422716240?pvs=21),翅小腿 (https://www.notion.so/237fd5adc30b80cfb1a5cf885a28ee55?pvs=21),0,6000,0.097,582
早餐豬肉丸-豬絞肉,12,早餐豬肉丸 (https://www.notion.so/237fd5adc30b8050a397d6b84f727ad2?pvs=21),豬絞肉 (https://www.notion.so/237fd5adc30b806793f6f97371ef65ff?pvs=21),3000,250,0.158,39.5
早餐豬肉丸-美極鮮味露,66,早餐豬肉丸 (https://www.notion.so/237fd5adc30b8050a397d6b84f727ad2?pvs=21),美極鮮味露 (https://www.notion.so/237fd5adc30b800ab164c3ad1386d09e?pvs=21),1000,15,0.256,3.84
早餐豬肉丸-魚露,262,早餐豬肉丸 (https://www.notion.so/237fd5adc30b8050a397d6b84f727ad2?pvs=21),魚露 (https://www.notion.so/237fd5adc30b804ea6f1c2bc6324a158?pvs=21),2100,8,0.06,0.48
早餐豬肉丸-白胡椒,16,早餐豬肉丸 (https://www.notion.so/237fd5adc30b8050a397d6b84f727ad2?pvs=21),白胡椒 (https://www.notion.so/237fd5adc30b8026939cfc494f13cd02?pvs=21),50,3,0.5,1.5
早餐豬肉丸-紅糖,180,早餐豬肉丸 (https://www.notion.so/237fd5adc30b8050a397d6b84f727ad2?pvs=21),紅糖 (https://www.notion.so/237fd5adc30b80d79ccff1d9efa36a8e?pvs=21),1800,10,0.033,0.33
酸辣湯底-檸檬汁,16,酸辣湯底 (https://www.notion.so/237fd5adc30b8009bbd4d8ffe67122c9?pvs=21),檸檬汁 (https://www.notion.so/237fd5adc30b8055a1c3ef43c5dd436d?pvs=21),1600,100,0.156,15.6
酸辣湯底-番茄,0,酸辣湯底 (https://www.notion.so/237fd5adc30b8009bbd4d8ffe67122c9?pvs=21),番茄 (https://www.notion.so/237fd5adc30b805fb854f71ee29ed3e4?pvs=21),0,300,0.167,50.1
酸辣湯底-羅望子,27,酸辣湯底 (https://www.notion.so/237fd5adc30b8009bbd4d8ffe67122c9?pvs=21),羅望子 (https://www.notion.so/237fd5adc30b80a7bc16c80d0a520b4a?pvs=21),1360,50,0.159,7.95
酸辣湯底-辣椒膏,7,酸辣湯底 (https://www.notion.so/237fd5adc30b8009bbd4d8ffe67122c9?pvs=21),辣椒膏 (https://www.notion.so/237fd5adc30b80e3a057cbfaa60867c3?pvs=21),500,70,0.38,26.6
酸辣湯底-水,40,酸辣湯底 (https://www.notion.so/237fd5adc30b8009bbd4d8ffe67122c9?pvs=21),水 (https://www.notion.so/237fd5adc30b80389212cdf897237122?pvs=21),200000,5000,0.001,5
酸辣湯底-洋蔥,2,酸辣湯底 (https://www.notion.so/237fd5adc30b8009bbd4d8ffe67122c9?pvs=21),洋蔥 (https://www.notion.so/237fd5adc30b8084a750d06564ef0fb1?pvs=21),1000,400,0.05,20
酸辣湯底-味精,0,酸辣湯底 (https://www.notion.so/237fd5adc30b8009bbd4d8ffe67122c9?pvs=21),味精 (https://www.notion.so/237fd5adc30b80918b36d27aaddc911e?pvs=21),0,10,0,0
酸辣湯底-紅糖,36,酸辣湯底 (https://www.notion.so/237fd5adc30b8009bbd4d8ffe67122c9?pvs=21),紅糖 (https://www.notion.so/237fd5adc30b80d79ccff1d9efa36a8e?pvs=21),1800,50,0.033,1.65
酸辣湯底-蒜仁,7,酸辣湯底 (https://www.notion.so/237fd5adc30b8009bbd4d8ffe67122c9?pvs=21),蒜仁 (https://www.notion.so/237fd5adc30b80bc94e9cc31471d8928?pvs=21),600,80,0.167,13.36
酸辣湯底-香茅乾,5,酸辣湯底 (https://www.notion.so/237fd5adc30b8009bbd4d8ffe67122c9?pvs=21),香茅乾 (https://www.notion.so/238fd5adc30b80998836c2b864bbf5ea?pvs=21),100,20,0.4,8
酸辣湯底-大辣椒,12,酸辣湯底 (https://www.notion.so/237fd5adc30b8009bbd4d8ffe67122c9?pvs=21),大辣椒 (https://www.notion.so/237fd5adc30b805b8b3eca63d4d9960f?pvs=21),600,50,0.15,7.5
酸辣湯底-檸檬葉乾,7,酸辣湯底 (https://www.notion.so/237fd5adc30b8009bbd4d8ffe67122c9?pvs=21),"檸檬葉乾 (https://www.notion.so/238fd5adc30b80df9498c09449b13443?pvs=21), 香茅乾 (https://www.notion.so/238fd5adc30b80998836c2b864bbf5ea?pvs=21)",150,20,1.3,26
酸辣湯底-南薑乾,5,酸辣湯底 (https://www.notion.so/237fd5adc30b8009bbd4d8ffe67122c9?pvs=21),南薑乾 (https://www.notion.so/237fd5adc30b80c887e4f4bd0118c757?pvs=21),100,20,0.4,8
酸辣湯底-魚露,30,酸辣湯底 (https://www.notion.so/237fd5adc30b8009bbd4d8ffe67122c9?pvs=21),魚露 (https://www.notion.so/237fd5adc30b804ea6f1c2bc6324a158?pvs=21),2100,70,0.06,4.2
酸辣湯底-酸辣湯塊,5,酸辣湯底 (https://www.notion.so/237fd5adc30b8009bbd4d8ffe67122c9?pvs=21),酸辣湯塊 (https://www.notion.so/237fd5adc30b8004ae6df274d914f337?pvs=21),300,55,0.545,29.975
泰式奶茶-紅茶粉,53,泰式奶茶 (https://www.notion.so/237fd5adc30b80809cd4c1defe44a991?pvs=21),手標紅茶粉 (https://www.notion.so/237fd5adc30b80349c99cc8b38f018fe?pvs=21),800,15,0.345,5.175
泰式奶茶-煉乳,66,泰式奶茶 (https://www.notion.so/237fd5adc30b80809cd4c1defe44a991?pvs=21),煉乳 (https://www.notion.so/237fd5adc30b809d93cac83ecc594312?pvs=21),2000,30,0.09,2.7
泰式奶茶-奶水,100,泰式奶茶 (https://www.notion.so/237fd5adc30b80809cd4c1defe44a991?pvs=21),奶水 (https://www.notion.so/237fd5adc30b803f92e9f723de301e2c?pvs=21),2000,20,0.093,1.86
泰式奶茶-白砂糖,100,泰式奶茶 (https://www.notion.so/237fd5adc30b80809cd4c1defe44a991?pvs=21),白砂糖 (https://www.notion.so/237fd5adc30b8018a0cde4b20fd93373?pvs=21),3000,30,0.037,1.11
泰式奶茶-水,1000,泰式奶茶 (https://www.notion.so/237fd5adc30b80809cd4c1defe44a991?pvs=21),水 (https://www.notion.so/237fd5adc30b80389212cdf897237122?pvs=21),200000,200,0.001,0.2
炸春捲-芋頭,0,炸春捲 (https://www.notion.so/237fd5adc30b80cdaaf8c77a600ef1ae?pvs=21),芋頭 (https://www.notion.so/237fd5adc30b803f8ab3e0f1d4e84fd2?pvs=21),0,500,0.117,58.5
炸春捲-豬絞肉,6,炸春捲 (https://www.notion.so/237fd5adc30b80cdaaf8c77a600ef1ae?pvs=21),豬絞肉 (https://www.notion.so/237fd5adc30b806793f6f97371ef65ff?pvs=21),3000,500,0.158,79
炸春捲-洋蔥,9,炸春捲 (https://www.notion.so/237fd5adc30b80cdaaf8c77a600ef1ae?pvs=21),洋蔥 (https://www.notion.so/237fd5adc30b8084a750d06564ef0fb1?pvs=21),1000,110,0.05,5.5
炸春捲-青蔥,0,炸春捲 (https://www.notion.so/237fd5adc30b80cdaaf8c77a600ef1ae?pvs=21),青蔥 (https://www.notion.so/237fd5adc30b80459aecc31b80493c94?pvs=21),0,20,0.25,5
炸春捲-紅糖,360,炸春捲 (https://www.notion.so/237fd5adc30b80cdaaf8c77a600ef1ae?pvs=21),紅糖 (https://www.notion.so/237fd5adc30b80d79ccff1d9efa36a8e?pvs=21),1800,5,0.033,0.165
炸春捲-魚露,84,炸春捲 (https://www.notion.so/237fd5adc30b80cdaaf8c77a600ef1ae?pvs=21),魚露 (https://www.notion.so/237fd5adc30b804ea6f1c2bc6324a158?pvs=21),2100,25,0.06,1.5
炸春捲-黑胡椒,0,炸春捲 (https://www.notion.so/237fd5adc30b80cdaaf8c77a600ef1ae?pvs=21),黑胡椒 (https://www.notion.so/237fd5adc30b8065839fec23d899e662?pvs=21),0,8,0.733,5.864
炸春捲-鹽,0,炸春捲 (https://www.notion.so/237fd5adc30b80cdaaf8c77a600ef1ae?pvs=21),鹽 (https://www.notion.so/237fd5adc30b80c9a302e80a3cb65902?pvs=21),0,0.8,0.008,0.0064
炸春捲-春捲皮,0,炸春捲 (https://www.notion.so/237fd5adc30b80cdaaf8c77a600ef1ae?pvs=21),春捲皮 (https://www.notion.so/237fd5adc30b80399f2ef6e7c1968ad1?pvs=21),0,320,0.104,33.28
馬努拉蝦片-蝦片,53,馬努拉蝦片 (https://www.notion.so/237fd5adc30b805a9053d7fb782e181c?pvs=21),馬努拉蝦片 (https://www.notion.so/237fd5adc30b80a48b9ad7ea6a394f70?pvs=21),1600,30,0.275,8.25
經典帕泰-河粉,83,經典帕泰 (https://www.notion.so/237fd5adc30b80339749c140acade526?pvs=21),澱粉條505 (https://www.notion.so/505-237fd5adc30b8094b3a0d3820a3359ed?pvs=21),10000,120,0.094,11.28
經典帕泰-豆芽菜,15,經典帕泰 (https://www.notion.so/237fd5adc30b80339749c140acade526?pvs=21),豆芽菜 (https://www.notion.so/237fd5adc30b8041afe9eca60656107a?pvs=21),1200,80,0.02,1.6
經典帕泰-韭菜,15,經典帕泰 (https://www.notion.so/237fd5adc30b80339749c140acade526?pvs=21),韭菜 (https://www.notion.so/237fd5adc30b8089af27db55a0a0e34a?pvs=21),300,20,0.067,1.34
經典帕泰-豆干,13,經典帕泰 (https://www.notion.so/237fd5adc30b80339749c140acade526?pvs=21),豆干 (https://www.notion.so/237fd5adc30b801e9394c2ae6880938d?pvs=21),800,60,0.053,3.18
經典帕泰-菜脯,120,經典帕泰 (https://www.notion.so/237fd5adc30b80339749c140acade526?pvs=21),菜脯 (https://www.notion.so/237fd5adc30b809b923bdabf5c9bf608?pvs=21),600,5,0.067,0.335
經典帕泰-雞蛋,76,經典帕泰 (https://www.notion.so/237fd5adc30b80339749c140acade526?pvs=21),雞蛋 (https://www.notion.so/237fd5adc30b806d9cf7fa4a4bc5ac10?pvs=21),5000,65,0.072,4.68
經典帕泰-蝦米,150,經典帕泰 (https://www.notion.so/237fd5adc30b80339749c140acade526?pvs=21),蝦米 (https://www.notion.so/237fd5adc30b8072bcf2c22acb42b884?pvs=21),600,4,0.467,1.868
經典綠咖哩醬-綠咖哩醬,2,經典綠咖哩醬 (https://www.notion.so/237fd5adc30b80f0916ed24ca445c4d0?pvs=21),綠咖哩(有心) (https://www.notion.so/237fd5adc30b803e8a6ec71bbfb6669e?pvs=21),500,200,0.15,30
經典綠咖哩醬-紅蔥頭,14,經典綠咖哩醬 (https://www.notion.so/237fd5adc30b80f0916ed24ca445c4d0?pvs=21),紅葱穗 (https://www.notion.so/237fd5adc30b804c950fd31a3d27e9c5?pvs=21),700,50,0.167,8.35
經典綠咖哩醬-蒜仁,12,經典綠咖哩醬 (https://www.notion.so/237fd5adc30b80f0916ed24ca445c4d0?pvs=21),蒜仁 (https://www.notion.so/237fd5adc30b80bc94e9cc31471d8928?pvs=21),600,50,0.167,8.35
經典綠咖哩醬-木耳,5,經典綠咖哩醬 (https://www.notion.so/237fd5adc30b80f0916ed24ca445c4d0?pvs=21),木耳 (https://www.notion.so/237fd5adc30b803d9dbee96752957f65?pvs=21),500,100,0.15,15
經典綠咖哩醬-杏鮑菇,3,經典綠咖哩醬 (https://www.notion.so/237fd5adc30b80f0916ed24ca445c4d0?pvs=21),杏鮑菇 (https://www.notion.so/237fd5adc30b80d5bc19dc90e7299ed9?pvs=21),600,200,0.133,26.6
經典綠咖哩醬-紅糖,45,經典綠咖哩醬 (https://www.notion.so/237fd5adc30b80f0916ed24ca445c4d0?pvs=21),紅糖 (https://www.notion.so/237fd5adc30b80d79ccff1d9efa36a8e?pvs=21),1800,40,0.033,1.32
經典綠咖哩醬-椰漿粉,2,經典綠咖哩醬 (https://www.notion.so/237fd5adc30b80f0916ed24ca445c4d0?pvs=21),綠咖哩(有心) (https://www.notion.so/237fd5adc30b803e8a6ec71bbfb6669e?pvs=21),500,200,0.15,30
經典綠咖哩醬-雞粉,10,經典綠咖哩醬 (https://www.notion.so/237fd5adc30b80f0916ed24ca445c4d0?pvs=21),雞粉 (https://www.notion.so/237fd5adc30b80f8acd3d9bd1266e979?pvs=21),200,20,0.25,5
經典綠咖哩醬-南薑乾,5,經典綠咖哩醬 (https://www.notion.so/237fd5adc30b80f0916ed24ca445c4d0?pvs=21),南薑乾 (https://www.notion.so/237fd5adc30b80c887e4f4bd0118c757?pvs=21),100,20,0.4,8
經典綠咖哩醬-檸檬葉乾,5,經典綠咖哩醬 (https://www.notion.so/237fd5adc30b80f0916ed24ca445c4d0?pvs=21),檸檬葉乾 (https://www.notion.so/238fd5adc30b80df9498c09449b13443?pvs=21),50,10,0.9,9
經典綠咖哩醬-水,666,經典綠咖哩醬 (https://www.notion.so/237fd5adc30b80f0916ed24ca445c4d0?pvs=21),水 (https://www.notion.so/237fd5adc30b80389212cdf897237122?pvs=21),200000,300,0.001,0.3
經典綠咖哩醬-竹筍,1,經典綠咖哩醬 (https://www.notion.so/237fd5adc30b80f0916ed24ca445c4d0?pvs=21),竹筍 (https://www.notion.so/237fd5adc30b800ea2bcf3216b608948?pvs=21),200,200,0.133,26.6
經典綠咖哩醬-洋蔥,5,經典綠咖哩醬 (https://www.notion.so/237fd5adc30b80f0916ed24ca445c4d0?pvs=21),洋蔥 (https://www.notion.so/237fd5adc30b8084a750d06564ef0fb1?pvs=21),1000,200,0.05,10
經典綠咖哩醬-魚露,70,經典綠咖哩醬 (https://www.notion.so/237fd5adc30b80f0916ed24ca445c4d0?pvs=21),魚露 (https://www.notion.so/237fd5adc30b804ea6f1c2bc6324a158?pvs=21),2100,30,0.06,1.8
Laab羊-羊肉片,3,Laab羊 (https://www.notion.so/Laab-237fd5adc30b80d0b1b4db5ed5dc0f5b?pvs=21),"羊肉片 (https://www.notion.so/237fd5adc30b80f28a28fd7452c17574?pvs=21), 肋條肉 (https://www.notion.so/238fd5adc30b8097b7cec9f3475f0a74?pvs=21)",600,200,0.52,104
Laab羊-檸檬汁,53,Laab羊 (https://www.notion.so/Laab-237fd5adc30b80d0b1b4db5ed5dc0f5b?pvs=21),檸檬汁 (https://www.notion.so/237fd5adc30b8055a1c3ef43c5dd436d?pvs=21),1600,30,0.156,4.68
Laab羊-魚露,105,Laab羊 (https://www.notion.so/Laab-237fd5adc30b80d0b1b4db5ed5dc0f5b?pvs=21),魚露 (https://www.notion.so/237fd5adc30b804ea6f1c2bc6324a158?pvs=21),2100,20,0.06,1.2
Laab羊-辣椒,20,Laab羊 (https://www.notion.so/Laab-237fd5adc30b80d0b1b4db5ed5dc0f5b?pvs=21),大辣椒 (https://www.notion.so/237fd5adc30b805b8b3eca63d4d9960f?pvs=21),600,30,0.15,4.5
Laab羊-洋蔥,20,Laab羊 (https://www.notion.so/Laab-237fd5adc30b80d0b1b4db5ed5dc0f5b?pvs=21),洋蔥 (https://www.notion.so/237fd5adc30b8084a750d06564ef0fb1?pvs=21),1000,50,0.05,2.5
Laab羊-紅蔥頭,23,Laab羊 (https://www.notion.so/Laab-237fd5adc30b80d0b1b4db5ed5dc0f5b?pvs=21),紅葱穗 (https://www.notion.so/237fd5adc30b804c950fd31a3d27e9c5?pvs=21),700,30,0.167,5.01
Laab羊-羅望子,68,Laab羊 (https://www.notion.so/Laab-237fd5adc30b80d0b1b4db5ed5dc0f5b?pvs=21),羅望子 (https://www.notion.so/237fd5adc30b80a7bc16c80d0a520b4a?pvs=21),1360,20,0.159,3.18
Laab羊-紅糖,36,Laab羊 (https://www.notion.so/Laab-237fd5adc30b80d0b1b4db5ed5dc0f5b?pvs=21),紅糖 (https://www.notion.so/237fd5adc30b80d79ccff1d9efa36a8e?pvs=21),1800,50,0.033,1.65
Laab羊-青蔥,0,Laab羊 (https://www.notion.so/Laab-237fd5adc30b80d0b1b4db5ed5dc0f5b?pvs=21),青蔥 (https://www.notion.so/237fd5adc30b80459aecc31b80493c94?pvs=21),0,30,0.25,7.5
泰式奶綠-煉乳,66,泰式奶綠 (https://www.notion.so/237fd5adc30b800a9540e908077a9cc1?pvs=21),煉乳 (https://www.notion.so/237fd5adc30b809d93cac83ecc594312?pvs=21),2000,30,0.09,2.7
泰式奶綠-奶水,100,泰式奶綠 (https://www.notion.so/237fd5adc30b800a9540e908077a9cc1?pvs=21),奶水 (https://www.notion.so/237fd5adc30b803f92e9f723de301e2c?pvs=21),2000,20,0.093,1.86
泰式奶綠-水,1000,泰式奶綠 (https://www.notion.so/237fd5adc30b800a9540e908077a9cc1?pvs=21),水 (https://www.notion.so/237fd5adc30b80389212cdf897237122?pvs=21),200000,200,0.001,0.2
泰式奶綠-白砂糖,100,泰式奶綠 (https://www.notion.so/237fd5adc30b800a9540e908077a9cc1?pvs=21),白砂糖 (https://www.notion.so/237fd5adc30b8018a0cde4b20fd93373?pvs=21),3000,30,0.037,1.11
泰式奶綠-奶綠粉,66,泰式奶綠 (https://www.notion.so/237fd5adc30b800a9540e908077a9cc1?pvs=21),手標綠茶 (https://www.notion.so/237fd5adc30b80f28a04c7a1f4fe55ef?pvs=21),1000,15,0.6,9
泰式檸檬茶-紅茶葉,53,泰式檸檬茶 (https://www.notion.so/237fd5adc30b80f1a536d30d68f2ea3c?pvs=21),手標紅茶粉 (https://www.notion.so/237fd5adc30b80349c99cc8b38f018fe?pvs=21),800,15,0.345,5.175
泰式檸檬茶-白砂糖,50,泰式檸檬茶 (https://www.notion.so/237fd5adc30b80f1a536d30d68f2ea3c?pvs=21),白砂糖 (https://www.notion.so/237fd5adc30b8018a0cde4b20fd93373?pvs=21),3000,60,0.037,2.22
泰式檸檬茶-檸檬汁,53,泰式檸檬茶 (https://www.notion.so/237fd5adc30b80f1a536d30d68f2ea3c?pvs=21),檸檬汁 (https://www.notion.so/237fd5adc30b8055a1c3ef43c5dd436d?pvs=21),1600,30,0.156,4.68
泰式檸檬茶-水,1000,泰式檸檬茶 (https://www.notion.so/237fd5adc30b80f1a536d30d68f2ea3c?pvs=21),水 (https://www.notion.so/237fd5adc30b80389212cdf897237122?pvs=21),200000,200,0.001,0.2
經典國寶茶-國寶茶葉,70,經典國寶茶 (https://www.notion.so/237fd5adc30b809b8cd4f61e3d5db55a?pvs=21),國寶茶 (https://www.notion.so/237fd5adc30b80808133e3b714d6dcad?pvs=21),700,10,0,0
經典國寶茶-羅漢果,30,經典國寶茶 (https://www.notion.so/237fd5adc30b809b8cd4f61e3d5db55a?pvs=21),"羅漢果 (https://www.notion.so/237fd5adc30b808f8d83ee5693714af6?pvs=21), 嫩精 (https://www.notion.so/238fd5adc30b80109005e1ef5a2d3211?pvs=21)",300,10,0.211,2.11
經典國寶茶-水,1000,經典國寶茶 (https://www.notion.so/237fd5adc30b809b8cd4f61e3d5db55a?pvs=21),水 (https://www.notion.so/237fd5adc30b80389212cdf897237122?pvs=21),200000,200,0.001,0.2
泰式傳統咖啡-水,1000,泰式傳統咖啡 (https://www.notion.so/237fd5adc30b8013ae31f9121dde26f5?pvs=21),水 (https://www.notion.so/237fd5adc30b80389212cdf897237122?pvs=21),200000,200,0.001,0.2
泰式傳統咖啡-煉乳,66,泰式傳統咖啡 (https://www.notion.so/237fd5adc30b8013ae31f9121dde26f5?pvs=21),煉乳 (https://www.notion.so/237fd5adc30b809d93cac83ecc594312?pvs=21),2000,30,0.09,2.7
泰式傳統咖啡-奶水,100,泰式傳統咖啡 (https://www.notion.so/237fd5adc30b8013ae31f9121dde26f5?pvs=21),奶水 (https://www.notion.so/237fd5adc30b803f92e9f723de301e2c?pvs=21),2000,20,0.093,1.86
泰式傳統咖啡-白砂糖,100,泰式傳統咖啡 (https://www.notion.so/237fd5adc30b8013ae31f9121dde26f5?pvs=21),白砂糖 (https://www.notion.so/237fd5adc30b8018a0cde4b20fd93373?pvs=21),3000,30,0.037,1.11
泰式傳統咖啡-咖啡豆,0,泰式傳統咖啡 (https://www.notion.so/237fd5adc30b8013ae31f9121dde26f5?pvs=21),咖啡豆 (https://www.notion.so/237fd5adc30b801098c4d225c82905e0?pvs=21),0,24,0,0
煉乳檸檬-檸檬汁,53,煉乳檸檬 (https://www.notion.so/237fd5adc30b80e78989d2fa911575bd?pvs=21),檸檬汁 (https://www.notion.so/237fd5adc30b8055a1c3ef43c5dd436d?pvs=21),1600,30,0.156,4.68
煉乳檸檬-煉乳,40,煉乳檸檬 (https://www.notion.so/237fd5adc30b80e78989d2fa911575bd?pvs=21),煉乳 (https://www.notion.so/237fd5adc30b809d93cac83ecc594312?pvs=21),2000,50,0.09,4.5
煉乳檸檬-白砂糖,100,煉乳檸檬 (https://www.notion.so/237fd5adc30b80e78989d2fa911575bd?pvs=21),白砂糖 (https://www.notion.so/237fd5adc30b8018a0cde4b20fd93373?pvs=21),3000,30,0.037,1.11
煉乳檸檬-水,1000,煉乳檸檬 (https://www.notion.so/237fd5adc30b80e78989d2fa911575bd?pvs=21),水 (https://www.notion.so/237fd5adc30b80389212cdf897237122?pvs=21),200000,200,0.001,0.2
檸檬汁-檸檬汁,40,檸檬汁 (https://www.notion.so/237fd5adc30b80adb680e147809db43e?pvs=21),檸檬汁 (https://www.notion.so/237fd5adc30b8055a1c3ef43c5dd436d?pvs=21),1600,40,0.156,6.24
檸檬汁-水,1000,檸檬汁 (https://www.notion.so/237fd5adc30b80adb680e147809db43e?pvs=21),水 (https://www.notion.so/237fd5adc30b80389212cdf897237122?pvs=21),200000,200,0.001,0.2
檸檬汁-白砂糖,50,檸檬汁 (https://www.notion.so/237fd5adc30b80adb680e147809db43e?pvs=21),白砂糖 (https://www.notion.so/237fd5adc30b8018a0cde4b20fd93373?pvs=21),3000,60,0.037,2.22
炸物醬(紅)-紅蔥頭,35,炸物醬(紅) (https://www.notion.so/237fd5adc30b806ba69bf7aabf3c249e?pvs=21),紅葱穗 (https://www.notion.so/237fd5adc30b804c950fd31a3d27e9c5?pvs=21),700,20,0.167,3.34
炸物醬(紅)-蒜仁,30,炸物醬(紅) (https://www.notion.so/237fd5adc30b806ba69bf7aabf3c249e?pvs=21),蒜仁 (https://www.notion.so/237fd5adc30b80bc94e9cc31471d8928?pvs=21),600,20,0.167,3.34
炸物醬(紅)-白砂糖,60,炸物醬(紅) (https://www.notion.so/237fd5adc30b806ba69bf7aabf3c249e?pvs=21),白砂糖 (https://www.notion.so/237fd5adc30b8018a0cde4b20fd93373?pvs=21),3000,50,0.037,1.85
炸物醬(紅)-檸檬汁,32,炸物醬(紅) (https://www.notion.so/237fd5adc30b806ba69bf7aabf3c249e?pvs=21),檸檬汁 (https://www.notion.so/237fd5adc30b8055a1c3ef43c5dd436d?pvs=21),1600,50,0.156,7.8
炸物醬(紅)-魚露,210,炸物醬(紅) (https://www.notion.so/237fd5adc30b806ba69bf7aabf3c249e?pvs=21),魚露 (https://www.notion.so/237fd5adc30b804ea6f1c2bc6324a158?pvs=21),2100,10,0.06,0.6
炸物醬(紅)-泰式酸辣醬,20,炸物醬(紅) (https://www.notion.so/237fd5adc30b806ba69bf7aabf3c249e?pvs=21),泰式辣椒醬 (https://www.notion.so/237fd5adc30b808dbacdd235293637b1?pvs=21),400,20,0.478,9.56
炸物醬(紅)-醋,200,炸物醬(紅) (https://www.notion.so/237fd5adc30b806ba69bf7aabf3c249e?pvs=21),醋 (https://www.notion.so/237fd5adc30b8027a093ef2a8b7acdbd?pvs=21),2000,10,0.05,0.5
炸物醬(紅)-水,1000,炸物醬(紅) (https://www.notion.so/237fd5adc30b806ba69bf7aabf3c249e?pvs=21),水 (https://www.notion.so/237fd5adc30b80389212cdf897237122?pvs=21),200000,200,0.001,0.2
海鮮醬(綠)-香菜,3,海鮮醬(綠) (https://www.notion.so/237fd5adc30b802696b6c8b4cd764401?pvs=21),香菜 (https://www.notion.so/237fd5adc30b80999722d19341598b92?pvs=21),150,50,0.178,8.9
海鮮醬(綠)-檸檬汁,16,海鮮醬(綠) (https://www.notion.so/237fd5adc30b802696b6c8b4cd764401?pvs=21),檸檬汁 (https://www.notion.so/237fd5adc30b8055a1c3ef43c5dd436d?pvs=21),1600,100,0.156,15.6
海鮮醬(綠)-蒜仁,7,海鮮醬(綠) (https://www.notion.so/237fd5adc30b802696b6c8b4cd764401?pvs=21),蒜仁 (https://www.notion.so/237fd5adc30b80bc94e9cc31471d8928?pvs=21),600,80,0.167,13.36
海鮮醬(綠)-魚露,70,海鮮醬(綠) (https://www.notion.so/237fd5adc30b802696b6c8b4cd764401?pvs=21),魚露 (https://www.notion.so/237fd5adc30b804ea6f1c2bc6324a158?pvs=21),2100,30,0.06,1.8
海鮮醬(綠)-白砂糖,60,海鮮醬(綠) (https://www.notion.so/237fd5adc30b802696b6c8b4cd764401?pvs=21),白砂糖 (https://www.notion.so/237fd5adc30b8018a0cde4b20fd93373?pvs=21),3000,50,0.037,1.85
海鮮醬(綠)-糯米椒,6,海鮮醬(綠) (https://www.notion.so/237fd5adc30b802696b6c8b4cd764401?pvs=21),糯米椒 (https://www.notion.so/237fd5adc30b803d9f8be9a3b4948d12?pvs=21),600,100,0,0
海鮮醬(綠)-鬼椒,10,海鮮醬(綠) (https://www.notion.so/237fd5adc30b802696b6c8b4cd764401?pvs=21),鬼椒 (https://www.notion.so/237fd5adc30b802faa8df808d8bd59b5?pvs=21),100,10,0.267,2.67
烤物醬(棕)-魚露,70,烤物醬(棕) (https://www.notion.so/237fd5adc30b8023833ce16606170da5?pvs=21),魚露 (https://www.notion.so/237fd5adc30b804ea6f1c2bc6324a158?pvs=21),2100,30,0.06,1.8
烤物醬(棕)-羅望子,22,烤物醬(棕) (https://www.notion.so/237fd5adc30b8023833ce16606170da5?pvs=21),羅望子 (https://www.notion.so/237fd5adc30b80a7bc16c80d0a520b4a?pvs=21),1360,60,0.159,9.54
烤物醬(棕)-檸檬汁,53,烤物醬(棕) (https://www.notion.so/237fd5adc30b8023833ce16606170da5?pvs=21),檸檬汁 (https://www.notion.so/237fd5adc30b8055a1c3ef43c5dd436d?pvs=21),1600,30,0.156,4.68
烤物醬(棕)-白砂糖,60,烤物醬(棕) (https://www.notion.so/237fd5adc30b8023833ce16606170da5?pvs=21),白砂糖 (https://www.notion.so/237fd5adc30b8018a0cde4b20fd93373?pvs=21),3000,50,0.037,1.85
烤物醬(棕)-辣椒粉,0,烤物醬(棕) (https://www.notion.so/237fd5adc30b8023833ce16606170da5?pvs=21),辣椒粉 (https://www.notion.so/237fd5adc30b80b68f29d1d42b2f837c?pvs=21),0,5,0.273,1.365
烤物醬(棕)-紅蔥頭,140,烤物醬(棕) (https://www.notion.so/237fd5adc30b8023833ce16606170da5?pvs=21),紅葱穗 (https://www.notion.so/237fd5adc30b804c950fd31a3d27e9c5?pvs=21),700,5,0.167,0.835
烤物醬(棕)-香菜,30,烤物醬(棕) (https://www.notion.so/237fd5adc30b8023833ce16606170da5?pvs=21),香菜 (https://www.notion.so/237fd5adc30b80999722d19341598b92?pvs=21),150,5,0.178,0.89
烤物醬(棕)-青蔥,0,烤物醬(棕) (https://www.notion.so/237fd5adc30b8023833ce16606170da5?pvs=21),青蔥 (https://www.notion.so/237fd5adc30b80459aecc31b80493c94?pvs=21),0,5,0.25,1.25
茉莉香米-米,200,茉莉香米 (https://www.notion.so/237fd5adc30b800e81e4eadd24a8ce53?pvs=21),泰國茉莉香米 (https://www.notion.so/237fd5adc30b809bab8ee684c54f33bf?pvs=21),15000,75,0.051,3.825
配菜組-小黃瓜,135,配菜組(主) (https://www.notion.so/238fd5adc30b80d2a476fa5e439f47b3?pvs=21),小黃瓜 (https://www.notion.so/237fd5adc30b809ea510e4b1f3c87b8e?pvs=21),675,5,0.058,0.29
配菜組-地瓜,20,配菜組(主) (https://www.notion.so/238fd5adc30b80d2a476fa5e439f47b3?pvs=21),黃地瓜 (https://www.notion.so/237fd5adc30b80729dd4e0369414fdf5?pvs=21),600,30,0.058,1.74
配菜組-小番茄,80,配菜組(主) (https://www.notion.so/238fd5adc30b80d2a476fa5e439f47b3?pvs=21),小番茄 (https://www.notion.so/237fd5adc30b80f09c23c68d2ea0a750?pvs=21),800,10,0.117,1.17
配菜組-青花菜,40,配菜組(主) (https://www.notion.so/238fd5adc30b80d2a476fa5e439f47b3?pvs=21),青花菜 (https://www.notion.so/238fd5adc30b8063ba66c61d4b4a85f4?pvs=21),1200,30,0.134,4.02
配菜組-白花菜,40,配菜組(主) (https://www.notion.so/238fd5adc30b80d2a476fa5e439f47b3?pvs=21),白花菜 (https://www.notion.so/238fd5adc30b8082b82aed5e85fdcc8c?pvs=21),1200,30,0.157,4.71
泰式炸蛋-雞蛋,76,泰式炸蛋 (https://www.notion.so/238fd5adc30b8000b03fd842d2d39876?pvs=21),雞蛋 (https://www.notion.so/237fd5adc30b806d9cf7fa4a4bc5ac10?pvs=21),5000,65,0.072,4.68
剝殼白蝦-白蝦,16,剝殼白蝦 (https://www.notion.so/238fd5adc30b80739d7df23c1e7808b1?pvs=21),白蝦 (https://www.notion.so/237fd5adc30b802bab46dee293f9b453?pvs=21),2000,120,0.4,48
切片雞胸肉-雞胸肉,100,切片雞胸肉 (https://www.notion.so/238fd5adc30b80ec9e03f6df575e0f08?pvs=21),雞胸肉 (https://www.notion.so/237fd5adc30b80bcb33ffeaf867322be?pvs=21),6000,60,0.142,8.52
醃製牛柳-牛柳,50,醃製牛柳 (https://www.notion.so/238fd5adc30b808ca057f9a9253fe968?pvs=21),牛柳 (https://www.notion.so/238fd5adc30b802cac69e53f088094f0?pvs=21),3000,60,0.3,18
生菜-蘿蔓美生,22,生菜 (https://www.notion.so/238fd5adc30b8037b18dec128185814a?pvs=21),蘿蔓美生 (https://www.notion.so/238fd5adc30b80fdad87ea89e95bf6b5?pvs=21),453,20,0.221,4.42
椰奶糖漿-椰漿粉,0,椰奶糖漿 (https://www.notion.so/238fd5adc30b80bf9cdfedb84364ae60?pvs=21),椰漿粉 (https://www.notion.so/237fd5adc30b800bbfeaca15d2c19a11?pvs=21),0,50,0.37,18.5
椰奶糖漿-水,4000,椰奶糖漿 (https://www.notion.so/238fd5adc30b80bf9cdfedb84364ae60?pvs=21),水 (https://www.notion.so/237fd5adc30b80389212cdf897237122?pvs=21),200000,50,0.001,0.05
椰奶糖漿-白砂糖,100,椰奶糖漿 (https://www.notion.so/238fd5adc30b80bf9cdfedb84364ae60?pvs=21),白砂糖 (https://www.notion.so/237fd5adc30b8018a0cde4b20fd93373?pvs=21),3000,30,0.037,1.11
仙草凍-仙草粉,1,仙草凍 (https://www.notion.so/238fd5adc30b80149cc8eeb887ffbb35?pvs=21),仙草粉 (https://www.notion.so/238fd5adc30b80d88753edb6e15afa54?pvs=21),200,120,0,0
仙草凍-水,166,仙草凍 (https://www.notion.so/238fd5adc30b80149cc8eeb887ffbb35?pvs=21),水 (https://www.notion.so/237fd5adc30b80389212cdf897237122?pvs=21),200000,1200,0.001,1.2
仙草凍-白砂糖,50,仙草凍 (https://www.notion.so/238fd5adc30b80149cc8eeb887ffbb35?pvs=21),白砂糖 (https://www.notion.so/237fd5adc30b8018a0cde4b20fd93373?pvs=21),3000,60,0.037,2.22
花生粉-花生仁,2,花生粉 (https://www.notion.so/238fd5adc30b8034b88bfe8747b8ff7f?pvs=21),花生仁 (https://www.notion.so/237fd5adc30b806eb285ed0ebb040af2?pvs=21),600,300,0.217,65.1
花生粉-白砂糖,30,花生粉 (https://www.notion.so/238fd5adc30b8034b88bfe8747b8ff7f?pvs=21),白砂糖 (https://www.notion.so/237fd5adc30b8018a0cde4b20fd93373?pvs=21),3000,100,0.037,3.7
經典打拋醬-豬肉,3,經典打拋醬-豬 (https://www.notion.so/237fd5adc30b80039acde56f67a87c2d?pvs=21),豬絞肉 (https://www.notion.so/237fd5adc30b806793f6f97371ef65ff?pvs=21),3000,1000,0.158,158
經典打拋醬-雞肉,6,經典打拋醬-雞 (https://www.notion.so/238fd5adc30b80798462f2188582f405?pvs=21),雞胸肉 (https://www.notion.so/237fd5adc30b80bcb33ffeaf867322be?pvs=21),6000,1000,0.142,142
經典打拋醬-菜豆,40,"經典打拋醬-豬 (https://www.notion.so/237fd5adc30b80039acde56f67a87c2d?pvs=21), 經典打拋醬-雞 (https://www.notion.so/238fd5adc30b80798462f2188582f405?pvs=21)",菜豆 (https://www.notion.so/237fd5adc30b80a0a995f2aa2c016c64?pvs=21),1200,30,0.1,3
經典帕泰-蝦油,75,經典帕泰 (https://www.notion.so/237fd5adc30b80339749c140acade526?pvs=21),夜巴濃辣椒油 (https://www.notion.so/237fd5adc30b80cc88f3da5daf1bfc9b?pvs=21),1500,20,0.173,3.46